Serial Number:,PSY1K30G,,,,,,,,,,,,,,
APP Serial #:,3.00E+10,,,,,,,,,,,,,,
Head Serial #:,2969,,,,,,,,,,,,,,
App Ver:,R1-7-8,,,,,,,,,,,,,,
COM Ver:,R2-6-7,,,,,,,,,,,,,,
Instrument Name:,,,,,,,,,,,,,,,
Instrument Comment:,51ES-US ,,,,,,,,,,,,,,
Cooling Time:,10,seconds,,,,,,,,,,,,,
Waiting Time:,6,seconds,,,,,,,,,,,,,
Warming Duration:,0,seconds,,,,,,,,,,,,,
Wait before measurement:,15,seconds,,,,,,,,,,,,,
Chamber Heating Duration:,45,seconds,,,,,,,,,,,,,
Chamber Heating Schedule:,continuous ,,,,,,,,,,,,,,
C1:,0.027,,,,,,,,,,,,,,
C2:,0.325,,,,,,,,,,,,,,
Date,Time,Chamber Temperature (∞C),dT (µV),Wet Bulb Depression (µV),Corrected Water Potential (MPa),Intercept,Slope,EDBO,Correction for dT (MPa),Correction Factor,Internal Battery Voltage (V),Internal Battery Temperature (∞C),External Power Supply Present,External Power Supply Voltage (V),External Power Supply Current (mA)
03/05/2022,13:00:00,12.97,-0.801,0,0,1.41,-3.01,0.949,-0.11,8.643,4.02,16.29,not present ,0,0
03/05/2022,13:30:00,13.66,1.176,0,0,1.41,-3.01,0.758,0.16,8.616,4.01,16,not present ,0,0
03/05/2022,14:00:00,14.43,0.453,0,0,1.41,-3.01,1.164,0.06,8.585,3.99,16.7,not present ,0,0
03/05/2022,14:30:00,13.58,2.02,0,0,1.41,-3.01,0.911,0.28,8.62,3.98,15,not present ,0,0
03/05/2022,15:00:00,13.68,2.693,0,0,1.41,-3.01,0.936,0.38,8.616,3.97,14.7,not present ,0,0
03/05/2022,15:30:00,14.47,1.815,0,0,1.41,-3.01,1.143,0.25,8.585,3.97,15.3,not present ,0,0
03/05/2022,16:00:00,15.69,3.344,0,0,1.41,-3.01,1.43,0.46,8.54,3.96,15.8,not present ,0,0
03/05/2022,16:30:00,15.42,0.892,0,0,1.41,-3.01,1.423,0.12,8.548,3.96,15.7,not present ,0,0
03/05/2022,17:00:00,15.07,0.762,0,0,1.41,-3.01,0.824,0.1,8.563,3.95,15.6,not present ,0,0
03/05/2022,17:30:00,14.68,-0.441,0,0,1.41,-3.01,0.357,-0.06,8.578,3.95,15.8,not present ,0,0
03/05/2022,18:00:00,14.59,2.466,0,0,1.41,-3.01,0.646,0.34,8.582,3.94,15.7,not present ,0,0
03/05/2022,18:30:00,14.51,1.629,0,0,1.41,-3.01,1.117,0.22,8.582,3.94,16.1,not present ,0,0
03/05/2022,19:00:00,14.71,2.553,0,0,1.41,-3.01,1.397,0.35,8.574,3.94,16.2,not present ,0,0
03/05/2022,19:30:00,14.24,1.756,0,0,1.41,-3.01,0.875,0.24,8.593,3.93,15.5,not present ,0,0
03/05/2022,20:00:00,13.24,-0.291,0,0,1.41,-3.01,0.315,-0.04,8.631,3.93,14.3,not present ,0,0
03/05/2022,20:30:00,12.6,3.184,0,0,1.41,-3.01,0.77,0.45,8.654,3.92,13.5,not present ,0,0
03/05/2022,21:00:00,12.05,-0.066,0,0,1.41,-3.01,0.467,0,8.677,3.92,13.1,not present ,0,0
03/05/2022,21:30:00,12.22,-0.307,0,0,1.41,-3.01,0.044,-0.04,8.67,4.04,31.1,present ,25.06,108
03/05/2022,22:00:00,11.98,0.595,0,0,1.41,-3.01,0.052,0.08,8.681,4.15,32.8,present ,24.88,107.7
03/05/2022,22:30:00,11.55,0.047,0,0,1.41,-3.01,0.222,0,8.697,4.19,22.7,present ,24.84,34.5
03/05/2022,23:00:00,11.15,0.01,0,0,1.41,-3.01,0.349,0,8.712,4.19,21,present ,24.77,29.7
03/05/2022,23:30:00,10.81,2.283,0,0,1.41,-3.01,0.993,0.32,8.724,4.19,17.6,present ,24.65,27.9
04/05/2022,0:00:00,10.45,0.194,0,0,1.41,-3.01,-0.037,0.02,8.739,4.19,16.29,present ,24.57,27.9
04/05/2022,0:30:00,10.2,-0.053,0,0,1.41,-3.01,0.448,0,8.747,4.19,15.6,present ,24.47,27.6
04/05/2022,1:00:00,10.14,2.732,0,0,1.41,-3.01,0.792,0.39,8.751,4.19,15.4,present ,24.36,27.6
04/05/2022,1:30:00,10.13,3.497,0,0,1.41,-3.01,0.638,0.5,8.751,4.19,15.3,present ,24.25,27.6
04/05/2022,2:00:00,10.08,1.108,0,0,1.41,-3.01,0.781,0.15,8.755,4.19,15.1,present ,24.29,27.6
04/05/2022,2:30:00,10.19,1.644,0,0,1.41,-3.01,0.671,0.23,8.751,4.19,15.1,present ,24.25,27.6
04/05/2022,3:00:00,10.28,0.219,0,0,1.41,-3.01,0.39,0.03,8.747,4.19,15.3,present ,24.18,27.3
04/05/2022,3:30:00,10.29,-0.096,0,0,1.41,-3.01,0.398,-0.01,8.747,4.19,15.2,present ,24.15,27.6
04/05/2022,4:00:00,10.28,0.019,0,0,1.41,-3.01,0.444,0,8.747,4.19,15.3,present ,24.07,27.3
04/05/2022,4:30:00,10.37,0.459,0,0,1.41,-3.01,0.428,0.06,8.743,4.19,15.3,present ,24.04,27.3
04/05/2022,5:00:00,10.34,-0.079,0,0,1.41,-3.01,0.504,-0.01,8.743,4.19,15.2,present ,24,27.6
04/05/2022,5:30:00,10.27,0.593,0,0,1.41,-3.01,0.314,0.08,8.747,4.19,15.3,present ,23.93,27.6
04/05/2022,6:00:00,10.22,0.253,0,0,1.41,-3.01,0.331,0.03,8.747,4.19,14.9,present ,23.9,27.6
04/05/2022,6:30:00,10.12,1.291,0,0,1.41,-3.01,0.769,0.18,8.751,4.17,12.3,not present ,0,0
04/05/2022,7:00:00,9.99,-0.463,0,0,1.41,-3.01,0.268,-0.06,8.755,4.16,11,not present ,0,0
04/05/2022,7:30:00,9.92,2.049,0,0,1.41,-3.01,0.88,0.29,8.755,4.15,10.9,not present ,0,0
04/05/2022,8:00:00,9.68,-0.084,0,0,1.41,-3.01,0.137,-0.01,8.755,4.14,10.6,not present ,0,0
04/05/2022,8:30:00,9.57,0.031,0,0,1.41,-3.01,0.148,0,8.755,4.13,10.6,not present ,0,0
04/05/2022,9:00:00,9.69,0.035,0,0,1.41,-3.01,0.299,0,8.755,4.12,10.8,not present ,0,0
04/05/2022,9:30:00,9.99,2.027,0,0,1.41,-3.01,0.567,0.29,8.755,4.11,11,not present ,0,0
04/05/2022,10:00:00,10.19,3.609,0,0,1.41,-3.01,1.296,0.51,8.751,4.1,11.4,not present ,0,0
04/05/2022,10:30:01,10.19,-0.066,0,0,1.41,-3.01,0.22,0,8.751,4.09,11.6,not present ,0,0
04/05/2022,11:00:00,10.26,-0.75,0,0,1.41,-3.01,0.456,-0.1,8.747,4.09,11.6,not present ,0,0
04/05/2022,11:30:00,10.38,3.395,0,0,1.41,-3.01,0.988,0.48,8.743,4.08,11.7,not present ,0,0
04/05/2022,12:00:00,10.4,-1.314,0,0,1.41,-3.01,0.501,-0.18,8.739,4.07,11.8,not present ,0,0
04/05/2022,12:30:00,10.37,0.06,0,0,1.41,-3.01,0.201,0,8.743,4.07,11.6,not present ,0,0
04/05/2022,13:00:00,10.7,1.289,0,0,1.41,-3.01,0.546,0.18,8.728,4.07,12,not present ,0,0
04/05/2022,13:30:00,10.92,-0.116,0,0,1.41,-3.01,0.642,-0.01,8.72,4.06,12.2,not present ,0,0
04/05/2022,14:00:00,11.04,6.492,0,0,1.41,-3.01,0.94,0.92,8.716,4.06,12.3,not present ,0,0
04/05/2022,14:30:00,11.37,0.313,0,0,1.41,-3.01,0.304,0.04,8.704,4.05,12.9,not present ,0,0
04/05/2022,15:00:00,11.68,0.921,0,0,1.41,-3.01,0.407,0.13,8.693,4.04,13.2,not present ,0,0
04/05/2022,15:30:00,11.76,-0.112,0,0,1.41,-3.01,0.366,-0.01,8.689,4.02,13.2,not present ,0,0
04/05/2022,16:00:00,11.92,-0.056,0,0,1.41,-3.01,0.274,0,8.681,4.01,13.5,not present ,0,0
04/05/2022,16:30:00,11.78,0.242,0,0,1.41,-3.01,0.41,0.03,8.689,4,13,not present ,0,0
04/05/2022,17:00:00,12.04,-0.091,0,0,1.41,-3.01,0.456,-0.01,8.677,3.99,13.3,not present ,0,0
04/05/2022,17:30:00,12.08,1.876,0,0,1.41,-3.01,0.602,0.26,8.677,3.98,13.3,not present ,0,0
04/05/2022,18:00:00,12.16,0.163,0,0,1.41,-3.01,0.264,0.02,8.673,3.97,13.5,not present ,0,0
04/05/2022,18:30:00,12.34,0.191,0,0,1.41,-3.01,0.424,0.02,8.666,3.97,13.6,not present ,0,0
04/05/2022,19:00:00,12.21,0.181,0,0,1.41,-3.01,0.416,0.02,8.67,3.96,13.4,not present ,0,0
04/05/2022,19:30:00,11.94,-0.919,0,0,1.41,-3.01,0.347,-0.13,8.681,3.95,13.1,not present ,0,0
04/05/2022,20:00:00,11.84,0.113,0,0,1.41,-3.01,0.067,0.01,8.685,3.95,12.8,not present ,0,0
04/05/2022,20:30:00,11.57,0.56,0,0,1.41,-3.01,0.164,0.07,8.697,3.94,12.5,not present ,0,0
04/05/2022,21:00:00,11.69,0.116,0,0,1.41,-3.01,0.077,0.01,8.693,4.04,27.6,present ,23.52,114.9
04/05/2022,21:30:00,11.29,0.393,0,0,1.41,-3.01,-0.028,0.05,8.708,4.15,31.6,present ,23.2,115.5
04/05/2022,22:00:00,10.78,0.586,0,0,1.41,-3.01,0.418,0.08,8.728,4.19,22.3,present ,23.11,35.4
04/05/2022,22:30:00,10.32,0.157,1.422,-0.29,1.41,-3.01,-0.155,0.02,8.743,4.19,18.7,present ,22.99,29.4
04/05/2022,23:00:00,9.55,-0.148,1.419,-0.36,1.41,-3.01,-0.008,-0.02,8.755,4.19,16,present ,22.74,28.8
04/05/2022,23:30:00,8.94,-0.137,1.62,-0.5,1.41,-3.01,0,-0.01,8.755,4.19,14.7,present ,21.54,30
05/05/2022,0:00:00,8.53,0.487,1.694,-0.47,1.41,-3.01,0.161,0.07,8.755,4.16,10.6,not present ,0,0
05/05/2022,0:30:00,8.04,0.517,0,0,1.41,-3.01,0.291,0.07,8.755,4.15,9.5,not present ,0,0
05/05/2022,1:00:00,7.52,-0.368,3.768,-1.95,1.41,-3.01,-0.068,-0.05,8.755,4.14,8.6,not present ,0,0
05/05/2022,1:30:00,6.93,-0.215,5.893,-3.38,1.41,-3.01,-0.101,-0.03,8.755,4.13,8.1,not present ,0,0
05/05/2022,2:00:00,6.43,-0.355,6.568,-3.95,1.41,-3.01,-0.075,-0.05,8.755,4.12,7.8,not present ,0,0
05/05/2022,2:30:00,6.28,0.501,7.123,-4.24,1.41,-3.01,0.134,0.07,8.755,4.11,7.5,not present ,0,0
05/05/2022,3:00:00,6.05,-0.098,6.789,-4.16,1.41,-3.01,0.124,-0.01,8.755,4.11,7.2,not present ,0,0
05/05/2022,3:30:00,6.08,0.555,7.48,-4.53,1.41,-3.01,0.102,0.07,8.755,4.1,7.2,not present ,0,0
05/05/2022,4:00:00,5.89,-0.205,6.983,-4.35,1.41,-3.01,0.062,-0.02,8.755,4.09,7,not present ,0,0
05/05/2022,4:30:00,5.76,0.23,7.473,-4.66,1.41,-3.01,0.039,0.03,8.755,4.08,6.9,not present ,0,0
05/05/2022,5:00:00,5.95,0.186,7.642,-4.73,1.41,-3.01,0.051,0.02,8.755,4.07,6.9,not present ,0,0
05/05/2022,5:30:00,6.05,0.22,7.652,-4.7,1.41,-3.01,0.088,0.03,8.755,4.07,7,not present ,0,0
05/05/2022,6:00:00,6.27,-0.025,7.249,-4.4,1.41,-3.01,0.252,0,8.755,4.06,7.2,not present ,0,0
05/05/2022,6:30:00,6.26,-0.255,7.462,-4.58,1.41,-3.01,0.212,-0.03,8.755,4.06,6.9,not present ,0,0
05/05/2022,7:00:00,6.32,0.128,7.642,-4.63,1.41,-3.01,0.091,0.01,8.755,4.06,7.2,not present ,0,0
05/05/2022,7:30:00,6.32,-0.193,7.548,-4.61,1.41,-3.01,0.18,-0.02,8.755,4.05,7.1,not present ,0,0
05/05/2022,8:00:00,6.65,0.594,8.083,-4.76,1.41,-3.01,0.244,0.08,8.755,4.04,7.5,not present ,0,0
05/05/2022,8:30:00,6.9,0.641,8.015,-4.64,1.41,-3.01,0.226,0.09,8.755,4.02,7.8,not present ,0,0
05/05/2022,9:00:00,7.47,0.308,6.583,-3.63,1.41,-3.01,0.499,0.04,8.755,4.01,8.3,not present ,0,0
05/05/2022,9:30:00,8.55,1.375,0,0,1.41,-3.01,1.505,0.19,8.755,4,9.2,not present ,0,0
05/05/2022,10:00:00,10.04,-0.57,1.35,-0.36,1.41,-3.01,1.369,-0.08,8.755,3.99,10.9,not present ,0,0
05/05/2022,10:30:00,11.61,1.37,0,0,1.41,-3.01,1.465,0.19,8.693,3.98,12.5,not present ,0,0
05/05/2022,11:00:00,12.35,1.797,0,0,1.41,-3.01,1.066,0.25,8.666,3.97,13.4,not present ,0,0
05/05/2022,11:30:00,12.63,1.399,0,0,1.41,-3.01,1.062,0.19,8.654,3.97,13.8,not present ,0,0
05/05/2022,12:00:00,12.96,0.006,0,0,1.41,-3.01,0.9,0,8.643,3.96,14.5,not present ,0,0
05/05/2022,12:30:00,13.14,0.74,0,0,1.41,-3.01,0.593,0.1,8.635,3.95,14.7,not present ,0,0
05/05/2022,13:00:00,11.97,-0.423,0,0,1.41,-3.01,-0.25,-0.06,8.681,3.95,13.4,not present ,0,0
05/05/2022,13:30:00,11.24,-0.518,0,0,1.41,-3.01,0.125,-0.07,8.708,3.95,12.2,not present ,0,0
05/05/2022,14:00:00,11.46,0.077,0,0,1.41,-3.01,0.324,0.01,8.7,3.94,12.9,not present ,0,0
05/05/2022,14:30:00,12.42,0.603,0,0,1.41,-3.01,0.277,0.08,8.662,3.94,14.2,not present ,0,0
05/05/2022,15:00:00,13.02,-0.107,0,0,1.41,-3.01,-0.041,-0.01,8.639,3.94,15.2,not present ,0,0
05/05/2022,15:30:00,13.57,0.371,0,0,1.41,-3.01,0.578,0.05,8.62,3.93,15.4,not present ,0,0
05/05/2022,16:00:00,13.49,-0.276,0,0,1.41,-3.01,0.235,-0.03,8.623,3.93,15.2,not present ,0,0
05/05/2022,16:30:00,13.1,-0.649,0,0,1.41,-3.01,0.333,-0.09,8.635,3.93,14.6,not present ,0,0
05/05/2022,17:00:00,12.24,0.727,0,0,1.41,-3.01,0.563,0.1,8.67,3.92,13.6,not present ,0,0
05/05/2022,17:30:00,11.98,0.201,0,0,1.41,-3.01,0.195,0.02,8.681,3.92,13.4,not present ,0,0
05/05/2022,18:00:00,11.21,0.828,0,0,1.41,-3.01,0.161,0.11,8.708,3.91,12.2,not present ,0,0
05/05/2022,18:30:00,11.08,-0.46,0,0,1.41,-3.01,0.163,-0.06,8.716,3.91,12,not present ,0,0
05/05/2022,19:00:00,10.41,-0.095,0,0,1.41,-3.01,-0.169,-0.01,8.739,3.9,11.1,not present ,0,0
05/05/2022,19:30:00,9.43,-0.503,1.079,-0.22,1.41,-3.01,-0.446,-0.07,8.755,3.89,9.5,not present ,0,0
05/05/2022,20:00:00,8.93,-0.636,1.297,-0.38,1.41,-3.01,-0.03,-0.09,8.755,3.89,9.3,not present ,0,0
05/05/2022,20:30:00,8.39,0.937,0,0,1.41,-3.01,0.212,0.13,8.755,3.88,8.6,not present ,0,0
05/05/2022,21:00:00,8.13,-0.958,0.858,-0.19,1.41,-3.01,-0.095,-0.13,8.755,3.88,8.39,not present ,0,0
05/05/2022,21:30:00,8.38,-0.688,1.612,-0.6,1.41,-3.01,-0.189,-0.09,8.755,3.98,24.9,present ,23.62,114
05/05/2022,22:00:00,8.21,0.072,5.892,-3.1,1.41,-3.01,-0.406,0.01,8.755,4.07,28.7,present ,23.01,117.9
05/05/2022,22:30:00,7.42,-0.47,7.159,-4.12,1.41,-3.01,-0.29,-0.06,8.755,4.07,12.6,not present ,0,0
05/05/2022,23:00:00,6.94,-0.463,8.012,-4.79,1.41,-3.01,-0.138,-0.06,8.755,4.05,9.1,not present ,0,0
05/05/2022,23:30:00,6.99,0.322,8.682,-5.09,1.41,-3.01,0.091,0.04,8.755,4.04,8.1,not present ,0,0
06/05/2022,0:00:00,6.92,0.857,0,0,1.41,-3.01,0.402,0.12,8.755,4.02,7.8,not present ,0,0
06/05/2022,0:30:00,6.63,-0.285,8.356,-5.07,1.41,-3.01,-0.09,-0.04,8.755,4,7.4,not present ,0,0
06/05/2022,1:00:00,6.3,-1.02,1.367,-0.59,1.41,-3.01,0.037,-0.14,8.755,3.99,6.9,not present ,0,0
06/05/2022,1:30:00,6.13,1.315,0,0,1.41,-3.01,0.724,0.18,8.755,3.98,6.8,not present ,0,0
06/05/2022,2:00:00,6.39,4.278,0,0,1.41,-3.01,1.12,0.61,8.755,3.97,7,not present ,0,0
06/05/2022,2:30:00,6.28,0.793,0,0,1.41,-3.01,0.584,0.11,8.755,3.96,6.8,not present ,0,0
06/05/2022,3:00:00,6.24,-0.411,0,0,1.41,-3.01,0.183,-0.05,8.755,3.96,6.7,not present ,0,0
06/05/2022,3:30:00,6.51,0.52,0,0,1.41,-3.01,0.959,0.07,8.755,3.95,7,not present ,0,0
06/05/2022,4:00:00,6.66,4.31,0,0,1.41,-3.01,0.994,0.61,8.755,3.95,7.2,not present ,0,0
06/05/2022,4:30:00,6.74,1.593,0,0,1.41,-3.01,0.497,0.22,8.755,3.94,7.3,not present ,0,0
06/05/2022,5:00:00,6.74,0.064,0,0,1.41,-3.01,0.162,0,8.755,3.94,7.4,not present ,0,0
06/05/2022,5:30:00,6.64,-0.519,0,0,1.41,-3.01,0.4,-0.07,8.755,3.93,7.3,not present ,0,0
06/05/2022,6:00:00,6.44,2.593,0,0,1.41,-3.01,0.484,0.37,8.755,3.93,7.1,not present ,0,0
06/05/2022,6:30:00,6.35,-0.054,0,0,1.41,-3.01,0.241,0,8.755,3.93,6.8,not present ,0,0
06/05/2022,7:00:00,6.19,-0.205,0,0,1.41,-3.01,0.085,-0.02,8.755,3.92,6.8,not present ,0,0
06/05/2022,7:30:00,6.19,0.483,0,0,1.41,-3.01,0.323,0.06,8.755,3.92,6.9,not present ,0,0
06/05/2022,8:00:00,6.24,-0.212,0,0,1.41,-3.01,0.328,-0.03,8.755,3.92,7.1,not present ,0,0
06/05/2022,8:30:00,6.29,-0.063,0,0,1.41,-3.01,0.33,0,8.755,3.91,7.2,not present ,0,0
06/05/2022,9:00:00,6.34,3.391,0,0,1.41,-3.01,0.982,0.48,8.755,3.91,7.3,not present ,0,0
06/05/2022,9:30:00,6.45,1.179,0,0,1.41,-3.01,0.812,0.16,8.755,3.9,7.3,not present ,0,0
06/05/2022,10:00:00,6.5,1.733,0,0,1.41,-3.01,0.898,0.24,8.755,3.9,7.3,not present ,0,0
06/05/2022,10:30:00,6.82,1.464,0,0,1.41,-3.01,1.02,0.21,8.755,3.89,7.3,not present ,0,0
06/05/2022,11:00:00,6.97,1.254,0,0,1.41,-3.01,0.751,0.18,8.755,3.89,7.9,not present ,0,0
06/05/2022,11:30:00,7.07,-0.026,0,0,1.41,-3.01,0.458,0,8.755,3.88,8.1,not present ,0,0
06/05/2022,12:00:00,7.69,0.849,0,0,1.41,-3.01,0.921,0.12,8.755,3.87,8.39,not present ,0,0
06/05/2022,12:30:00,7.97,1.377,0,0,1.41,-3.01,0.745,0.19,8.755,3.87,10.6,not present ,0,0
06/05/2022,13:00:00,7.88,0.208,0,0,1.41,-3.01,0.525,0.02,8.755,3.86,9.8,not present ,0,0
06/05/2022,13:30:00,7.65,-0.002,0,0,1.41,-3.01,0.219,0,8.755,3.86,8.8,not present ,0,0
06/05/2022,14:00:00,8,1.807,0,0,1.41,-3.01,0.756,0.25,8.755,3.85,9,not present ,0,0
06/05/2022,14:30:00,8.39,0.822,0,0,1.41,-3.01,0.509,0.11,8.755,3.85,9.5,not present ,0,0
06/05/2022,15:00:00,8.52,1.148,0,0,1.41,-3.01,0.753,0.16,8.755,3.84,9.39,not present ,0,0
06/05/2022,15:30:00,8.89,0.699,0,0,1.41,-3.01,0.672,0.1,8.755,3.84,9.39,not present ,0,0
06/05/2022,16:00:00,9.85,1.432,0,0,1.41,-3.01,1.054,0.2,8.755,3.83,10.1,not present ,0,0
06/05/2022,16:30:00,10.72,1.094,0,0,1.41,-3.01,1.332,0.15,8.728,3.83,11.3,not present ,0,0
06/05/2022,17:00:00,10.29,0.206,0,0,1.41,-3.01,0.674,0.02,8.747,3.82,11,not present ,0,0
06/05/2022,17:30:00,9.69,0.775,0,0,1.41,-3.01,0.876,0.11,8.755,3.82,10.9,not present ,0,0
06/05/2022,18:00:00,9.52,0.406,0,0,1.41,-3.01,0.66,0.05,8.755,3.82,10.7,not present ,0,0
06/05/2022,18:30:00,9.23,0.908,0,0,1.41,-3.01,0.71,0.13,8.755,3.81,10.5,not present ,0,0
06/05/2022,19:00:00,9.4,0.842,0,0,1.41,-3.01,1.07,0.12,8.755,3.81,10.7,not present ,0,0
06/05/2022,19:30:00,9.41,1.153,0,0,1.41,-3.01,1.115,0.16,8.755,3.8,10.8,not present ,0,0
06/05/2022,20:00:00,9.34,1.146,0,0,1.41,-3.01,1.284,0.16,8.755,3.8,10.8,not present ,0,0
06/05/2022,20:30:00,8.35,0.244,0,0,1.41,-3.01,0.344,0.03,8.755,3.8,9.39,not present ,0,0
06/05/2022,21:00:00,7.68,0.783,0,0,1.41,-3.01,0.582,0.11,8.755,3.79,8.6,not present ,0,0
06/05/2022,21:30:00,7.85,0.616,0,0,1.41,-3.01,-0.049,0.08,8.755,3.9,25.9,present ,24.61,109.2
06/05/2022,22:00:00,7.7,0.745,0,0,1.41,-3.01,-0.041,0.1,8.755,3.97,28.9,present ,24.4,110.4
06/05/2022,22:30:00,7.43,0.524,0,0,1.41,-3.01,-0.069,0.07,8.755,4.04,29.5,present ,24.2,111.3
06/05/2022,23:00:00,7.07,1.113,0,0,1.41,-3.01,0.021,0.15,8.755,4.16,28.8,present ,24.01,110.7
06/05/2022,23:30:00,6.52,0.468,0,0,1.41,-3.01,-0.009,0.06,8.755,4.19,18.6,present ,23.95,38.4
07/05/2022,0:00:00,6.01,-0.201,0,0,1.41,-3.01,-0.066,-0.02,8.755,4.19,15.6,present ,23.86,31.2
07/05/2022,0:30:00,5.46,1.897,0,0,1.41,-3.01,0.344,0.27,8.755,4.19,11.6,present ,23.73,29.1
07/05/2022,1:00:00,5.13,0.812,0,0,1.41,-3.01,0.233,0.11,8.755,4.19,10.8,present ,23.62,28.5
07/05/2022,1:30:00,4.88,-0.076,0,0,1.41,-3.01,-0.148,-0.01,8.755,4.19,10.2,present ,23.37,28.5
07/05/2022,2:00:00,4.07,0.571,0,0,1.41,-3.01,0.258,0.08,8.755,4.17,6.2,not present ,0,0
07/05/2022,2:30:00,3.71,-0.162,0,0,1.41,-3.01,-0.058,-0.02,8.755,4.15,5.1,not present ,0,0
07/05/2022,3:00:00,3.65,1.149,0,0,1.41,-3.01,0.29,0.16,8.755,4.14,4.5,not present ,0,0
07/05/2022,3:30:00,3.24,-0.496,0.57,-0.06,1.41,-3.01,-0.368,-0.07,8.755,4.13,3.8,not present ,0,0
07/05/2022,4:00:00,2.76,-0.44,0.635,-0.12,1.41,-3.01,-0.262,-0.06,8.755,4.12,3.5,not present ,0,0
07/05/2022,4:30:00,2.35,1.897,0,0,1.41,-3.01,0.033,0.27,8.755,4.11,3.2,not present ,0,0
07/05/2022,5:00:00,2.32,1.662,0,0,1.41,-3.01,0.214,0.23,8.755,4.1,3.1,not present ,0,0
07/05/2022,5:30:00,2.49,2.585,0,0,1.41,-3.01,0.259,0.37,8.755,4.09,3.4,not present ,0,0
07/05/2022,6:00:00,2.39,-0.166,5.534,-4.27,1.41,-3.01,-0.028,-0.02,8.755,4.09,3.4,not present ,0,0
07/05/2022,6:30:00,2.56,0.377,0.654,-0.02,1.41,-3.01,0.122,0.05,8.755,4.08,3.6,not present ,0,0
07/05/2022,7:00:00,2.27,-0.419,2.174,-1.46,1.41,-3.01,-0.186,-0.06,8.755,4.07,3,not present ,0,0
07/05/2022,7:30:00,2.01,-0.304,6.069,-4.88,1.41,-3.01,-0.146,-0.04,8.755,4.07,3,not present ,0,0
07/05/2022,8:00:00,1.95,-0.148,6.261,-5.06,1.41,-3.01,-0.048,-0.02,8.755,4.06,3.1,not present ,0,0
07/05/2022,8:30:00,2.08,0.347,0,0,1.41,-3.01,0.186,0.04,8.755,4.06,3.1,not present ,0,0
07/05/2022,9:00:00,2.23,-0.169,5.732,-4.49,1.41,-3.01,-0.018,-0.02,8.755,4.05,3.1,not present ,0,0
07/05/2022,9:30:00,2.89,-0.112,6.461,-4.87,1.41,-3.01,0.16,-0.01,8.755,4.04,4,not present ,0,0
07/05/2022,10:00:00,3.74,0.305,0,0,1.41,-3.01,0.676,0.04,8.755,4.03,4.8,not present ,0,0
07/05/2022,10:30:00,4.81,0.328,0,0,1.41,-3.01,0.807,0.04,8.755,4.02,5.9,not present ,0,0
07/05/2022,11:00:00,6.15,3.176,0,0,1.41,-3.01,1.498,0.45,8.755,4,7.4,not present ,0,0
07/05/2022,11:30:00,6.76,-0.348,0,0,1.41,-3.01,0.424,-0.05,8.755,3.99,8.5,not present ,0,0
07/05/2022,12:00:00,7.36,0.309,0,0,1.41,-3.01,0.745,0.04,8.755,3.98,8.8,not present ,0,0
07/05/2022,12:30:00,7.81,2.49,0,0,1.41,-3.01,1.145,0.35,8.755,3.98,10.5,not present ,0,0
07/05/2022,13:00:00,8.14,3.015,0,0,1.41,-3.01,0.931,0.43,8.755,3.97,10.8,not present ,0,0
07/05/2022,13:30:00,7.98,0.177,0,0,1.41,-3.01,0.368,0.02,8.755,3.96,9.8,not present ,0,0
07/05/2022,14:00:00,8.43,0.167,0,0,1.41,-3.01,0.671,0.02,8.755,3.95,10.2,not present ,0,0
07/05/2022,14:30:00,8.56,0.106,0,0,1.41,-3.01,0.414,0.01,8.755,3.95,10.2,not present ,0,0
07/05/2022,15:00:00,8.07,0.875,0,0,1.41,-3.01,0.556,0.12,8.755,3.95,9.3,not present ,0,0
07/05/2022,15:30:00,7.79,0.528,0,0,1.41,-3.01,0.484,0.07,8.755,3.94,9,not present ,0,0
07/05/2022,16:00:00,6.84,0.648,0,0,1.41,-3.01,0.358,0.09,8.755,3.94,7.9,not present ,0,0
07/05/2022,16:30:00,8.38,1.962,0,0,1.41,-3.01,1.373,0.28,8.755,3.93,9,not present ,0,0
07/05/2022,17:00:00,9.08,2.338,0,0,1.41,-3.01,1.215,0.33,8.755,3.93,10,not present ,0,0
07/05/2022,17:30:00,9.19,0.715,0,0,1.41,-3.01,0.562,0.1,8.755,3.93,10.5,not present ,0,0
07/05/2022,18:00:00,8.67,-0.032,0,0,1.41,-3.01,0.291,0,8.755,3.92,9.89,not present ,0,0
07/05/2022,18:30:00,7.98,-0.306,0,0,1.41,-3.01,0.187,-0.04,8.755,3.92,9.3,not present ,0,0
07/05/2022,19:00:00,9.02,0.102,0,0,1.41,-3.01,0.545,0.01,8.755,3.92,10.9,not present ,0,0
07/05/2022,19:30:00,10.24,-0.133,0,0,1.41,-3.01,0.422,-0.01,8.747,3.91,11.7,not present ,0,0
07/05/2022,20:00:00,11.29,-0.774,0,0,1.41,-3.01,0.234,-0.11,8.708,3.91,13.9,not present ,0,0
07/05/2022,20:30:00,10.23,-1.492,0,0,1.41,-3.01,-1.185,-0.21,8.747,3.9,13,not present ,0,0
07/05/2022,21:00:00,8.46,-0.571,0,0,1.41,-3.01,-0.597,-0.08,8.755,3.9,10.5,not present ,0,0
07/05/2022,21:30:00,7.71,-0.391,0,0,1.41,-3.01,-0.4,-0.05,8.755,3.99,25.5,present ,24.75,108.9
07/05/2022,22:00:00,6.87,-0.136,0,0,1.41,-3.01,-0.417,-0.01,8.755,4.09,29,present ,24.54,110.1
07/05/2022,22:30:00,5.77,-0.206,0,0,1.41,-3.01,-0.522,-0.02,8.755,4.19,27.6,present ,24.39,86.1
07/05/2022,23:00:00,4.31,-0.145,0,0,1.41,-3.01,-0.368,-0.02,8.755,4.19,17.29,present ,24.36,31.8
07/05/2022,23:30:00,3.17,-0.132,0,0,1.41,-3.01,-0.324,-0.01,8.755,4.19,13,present ,24.26,28.2
08/05/2022,0:00:00,2.25,-0.112,0,0,1.41,-3.01,-0.19,-0.01,8.755,4.19,10.1,present ,24.15,27.6
08/05/2022,0:30:00,1.5,-0.079,0,0,1.41,-3.01,-0.141,-0.01,8.755,4.19,8.6,present ,24.04,27.3
08/05/2022,1:00:00,0.91,-0.09,0,0,1.41,-3.01,-0.203,-0.01,8.755,4.19,7.6,present ,23.93,27.6
08/05/2022,1:30:00,0.24,-0.117,0.534,-0.08,1.41,-3.01,-0.467,-0.01,8.755,4.19,6.8,present ,23.83,27.3
08/05/2022,2:00:00,-0.35,-0.241,0.564,-0.16,1.41,-3.01,-0.264,-0.03,8.755,4.19,6.1,present ,23.83,27.3
08/05/2022,2:30:00,-0.61,-0.08,0.6,-0.18,1.41,-3.01,-0.223,-0.01,8.755,4.19,5.5,present ,23.79,27.3
08/05/2022,3:00:00,-0.66,-0.13,0.822,-0.44,1.41,-3.01,-0.123,-0.01,8.755,4.19,5.5,present ,23.68,27.3
08/05/2022,3:30:00,-0.9,-0.217,0.747,-0.38,1.41,-3.01,-0.221,-0.03,8.755,4.19,5.1,present ,23.61,27
08/05/2022,4:00:00,-1.16,-0.169,1.668,-1.44,1.41,-3.01,-0.217,-0.02,8.755,4.19,4.9,present ,23.54,27.3
08/05/2022,4:30:00,-1.05,-2.101,5.137,-5.58,1.41,-3.01,-1.293,-0.3,8.755,4.17,3,not present ,0,0
08/05/2022,5:00:00,-1.29,-2.177,5.23,-5.83,1.41,-3.01,-1.298,-0.31,8.755,4.16,0.8,not present ,0,0
08/05/2022,5:30:00,-1.13,-2.512,5.094,-5.64,1.41,-3.01,-1.335,-0.36,8.755,4.14,-0.1,not present ,0,0
08/05/2022,6:00:00,-0.81,-2.98,4.823,-5.24,1.41,-3.01,-1.359,-0.42,8.755,4.13,-0.6,not present ,0,0
08/05/2022,6:30:00,-0.62,-2.72,4.773,-5.06,1.41,-3.01,-1.308,-0.39,8.755,4.12,-0.8,not present ,0,0
08/05/2022,7:00:00,-0.6,-2.53,4.174,-4.38,1.41,-3.01,-1.267,-0.36,8.755,4.11,-0.9,not present ,0,0
08/05/2022,7:30:00,-0.59,-1.345,4.912,-5,1.41,-3.01,-0.785,-0.19,8.755,4.11,-0.6,not present ,0,0
08/05/2022,8:00:00,-0.73,-0.668,4.962,-5.03,1.41,-3.01,-0.392,-0.09,8.755,4.1,-0.3,not present ,0,0
08/05/2022,8:30:00,-0.78,-0.435,5.264,-5.34,1.41,-3.01,-0.327,-0.06,8.755,4.09,-0.2,not present ,0,0
08/05/2022,9:00:00,-0.61,0.563,5.165,-5.01,1.41,-3.01,0.258,0.08,8.755,4.08,0.7,not present ,0,0
08/05/2022,9:30:00,0.08,2.367,0,0,1.41,-3.01,1.57,0.33,8.755,4.07,1.9,not present ,0,0
08/05/2022,10:00:00,0.76,3.025,0,0,1.41,-3.01,2.67,0.43,8.755,4.07,2.9,not present ,0,0
08/05/2022,10:30:00,2.04,3.948,0,0,1.41,-3.01,3.238,0.56,8.755,4.07,4.4,not present ,0,0
08/05/2022,11:00:00,2.96,2.819,0,0,1.41,-3.01,2.21,0.4,8.755,4.06,5.5,not present ,0,0
08/05/2022,11:30:00,4.29,4.454,0,0,1.41,-3.01,0.949,0.63,8.755,4.06,6.6,not present ,0,0
08/05/2022,12:00:00,4.85,0.108,0,0,1.41,-3.01,0.529,0.01,8.755,4.06,6.6,not present ,0,0
08/05/2022,12:30:00,6.3,0.646,0,0,1.41,-3.01,0.736,0.09,8.755,4.05,9.1,not present ,0,0
08/05/2022,13:00:00,7.09,-0.102,0,0,1.41,-3.01,0.446,-0.01,8.755,4.04,10.5,not present ,0,0
08/05/2022,13:30:00,7.77,0.803,0,0,1.41,-3.01,0.379,0.11,8.755,4.02,10.5,not present ,0,0
08/05/2022,14:00:00,7.36,-0.11,0,0,1.41,-3.01,0.208,-0.01,8.755,4.01,9.3,not present ,0,0
08/05/2022,14:30:00,7.21,0.162,0,0,1.41,-3.01,0.206,0.02,8.755,4,8.5,not present ,0,0
08/05/2022,15:00:00,7.26,0.008,0,0,1.41,-3.01,0.418,0,8.755,3.99,8.6,not present ,0,0
08/05/2022,15:30:00,7.13,-0.006,0,0,1.41,-3.01,0.483,0,8.755,3.98,8.3,not present ,0,0
08/05/2022,16:00:00,6.91,0.423,0,0,1.41,-3.01,0.319,0.06,8.755,3.97,7.9,not present ,0,0
08/05/2022,16:30:00,7.09,0.614,0,0,1.41,-3.01,0.79,0.08,8.755,3.96,8.3,not present ,0,0
08/05/2022,17:00:00,8.9,0.355,0,0,1.41,-3.01,0.443,0.05,8.755,3.96,10.2,not present ,0,0
08/05/2022,17:30:00,7.11,-2.562,0,0,1.41,-3.01,-0.365,-0.36,8.755,3.95,8.1,not present ,0,0
08/05/2022,18:00:00,4.83,-1.681,0,0,1.41,-3.01,-1.133,-0.24,8.755,3.94,4.9,not present ,0,0
08/05/2022,18:30:00,3.3,-1.604,0.981,-0.54,1.41,-3.01,-1.157,-0.23,8.755,3.93,3.6,not present ,0,0
08/05/2022,19:00:00,2.41,-0.89,3.912,-2.99,1.41,-3.01,-0.644,-0.12,8.755,3.93,3.2,not present ,0,0
08/05/2022,19:30:00,2.01,-0.656,6.077,-4.94,1.41,-3.01,-0.484,-0.09,8.755,3.93,3.1,not present ,0,0
08/05/2022,20:00:00,1.66,-0.839,6.079,-5.11,1.41,-3.01,-0.508,-0.12,8.755,3.92,2.9,not present ,0,0
08/05/2022,20:30:00,1.12,-0.733,6.258,-5.48,1.41,-3.01,-0.413,-0.1,8.755,3.92,2.09,not present ,0,0
08/05/2022,21:00:00,0.92,-0.727,5.831,-5.17,1.41,-3.01,-0.456,-0.1,8.755,3.92,2.09,not present ,0,0
08/05/2022,21:30:00,1.69,-0.601,5.566,-4.6,1.41,-3.01,-0.39,-0.08,8.755,4.03,19.7,present ,24.36,109.5
08/05/2022,22:00:00,1.8,-0.588,5.551,-4.55,1.41,-3.01,-0.403,-0.08,8.755,4.15,22.9,present ,24.15,109.8
08/05/2022,22:30:00,1.47,-0.437,4.92,-4.07,1.41,-3.01,-0.35,-0.06,8.755,4.19,14.3,present ,24.06,38.7
08/05/2022,23:00:00,1.03,-1.079,5.863,-5.2,1.41,-3.01,-0.401,-0.15,8.755,4.19,11.4,present ,23.99,29.7
08/05/2022,23:30:00,0.24,-1.058,4.47,-4.16,1.41,-3.01,-0.296,-0.15,8.755,4.19,5.8,present ,23.83,27.6
09/05/2022,0:00:00,-0.13,-1.003,3.689,-3.48,1.41,-3.01,-0.475,-0.14,8.755,4.19,4.5,present ,23.68,27.3
09/05/2022,0:30:00,-0.42,-1.1,3.552,-3.45,1.41,-3.01,-0.57,-0.15,8.755,4.19,4,present ,23.47,27.6
09/05/2022,1:00:00,-0.68,-0.796,3.536,-3.47,1.41,-3.01,-0.414,-0.11,8.755,4.16,0.8,not present ,0,0
09/05/2022,1:30:00,-0.81,-0.732,3.669,-3.65,1.41,-3.01,-0.422,-0.1,8.755,4.15,0.3,not present ,0,0
09/05/2022,2:00:00,-0.78,-0.914,3.516,-3.5,1.41,-3.01,-0.351,-0.13,8.755,4.14,0,not present ,0,0
09/05/2022,2:30:00,-0.73,-1.301,3.167,-3.16,1.41,-3.01,-0.529,-0.18,8.755,4.13,0,not present ,0,0
09/05/2022,3:00:00,-0.64,-2.17,2.051,-2.05,1.41,-3.01,-0.912,-0.31,8.755,4.12,-0.2,not present ,0,0
09/05/2022,3:30:00,-0.69,-2.289,1.798,-1.81,1.41,-3.01,-0.859,-0.32,8.755,4.11,-0.1,not present ,0,0
09/05/2022,4:00:00,-0.75,-2.058,1.847,-1.84,1.41,-3.01,-0.754,-0.29,8.755,4.1,-0.2,not present ,0,0
09/05/2022,4:30:00,-0.74,-1.816,1.863,-1.82,1.41,-3.01,-0.731,-0.26,8.755,4.09,-0.2,not present ,0,0
09/05/2022,5:00:00,-0.75,-2.011,1.645,-1.61,1.41,-3.01,-0.853,-0.28,8.755,4.08,-0.2,not present ,0,0
09/05/2022,5:30:00,-0.75,-2.586,1.23,-1.24,1.41,-3.01,-1.085,-0.37,8.755,4.08,-0.2,not present ,0,0
09/05/2022,6:00:00,-0.69,-2.342,1.261,-1.23,1.41,-3.01,-1.178,-0.33,8.755,4.07,-0.3,not present ,0,0
09/05/2022,6:30:00,-0.7,-2.382,1.13,-1.1,1.41,-3.01,-1.102,-0.34,8.755,4.06,-0.4,not present ,0,0
09/05/2022,7:00:00,-0.68,-2.042,1.312,-1.24,1.41,-3.01,-0.786,-0.29,8.755,4.06,-0.3,not present ,0,0
09/05/2022,7:30:00,-0.64,-1.199,2.255,-2.13,1.41,-3.01,-0.476,-0.17,8.755,4.06,-0.2,not present ,0,0
09/05/2022,8:00:00,-0.64,-0.573,2.381,-2.18,1.41,-3.01,-0.327,-0.08,8.755,4.05,-0.1,not present ,0,0
09/05/2022,8:30:00,-0.48,-0.183,2.947,-2.69,1.41,-3.01,-0.144,-0.02,8.755,4.04,0,not present ,0,0
09/05/2022,9:00:00,-0.62,-0.453,2.882,-2.7,1.41,-3.01,-0.147,-0.06,8.755,4.03,0.4,not present ,0,0
09/05/2022,9:30:00,-0.38,1.086,4.355,-3.97,1.41,-3.01,0.299,0.15,8.755,4.02,0.6,not present ,0,0
09/05/2022,10:00:00,-0.49,-0.513,4.045,-3.92,1.41,-3.01,-0.044,-0.07,8.755,4,0.6,not present ,0,0
09/05/2022,10:30:00,-0.24,1.197,4.992,-4.56,1.41,-3.01,0.588,0.17,8.755,3.99,0.7,not present ,0,0
09/05/2022,11:00:00,0.02,0.704,5.349,-4.88,1.41,-3.01,0.816,0.1,8.755,3.98,1.1,not present ,0,0
09/05/2022,11:30:00,0.17,0.428,5.335,-4.84,1.41,-3.01,0.655,0.06,8.755,3.97,1.6,not present ,0,0
09/05/2022,12:00:00,0.82,1.644,5.731,-4.77,1.41,-3.01,0.973,0.23,8.755,3.96,1.7,not present ,0,0
09/05/2022,12:30:00,1.15,0.147,5.629,-4.76,1.41,-3.01,0.577,0.02,8.755,3.95,2.09,not present ,0,0
09/05/2022,13:00:00,1.75,0.007,5.28,-4.24,1.41,-3.01,0.389,0,8.755,3.95,2.9,not present ,0,0
09/05/2022,13:30:00,2.21,1.398,6.425,-4.87,1.41,-3.01,0.396,0.2,8.755,3.94,3.6,not present ,0,0
09/05/2022,14:00:00,2.19,-0.663,4.072,-3.14,1.41,-3.01,0.05,-0.09,8.755,3.94,3.1,not present ,0,0
09/05/2022,14:30:00,3.03,0.103,7.684,-5.79,1.41,-3.01,0.19,0.01,8.755,3.94,3.9,not present ,0,0
09/05/2022,15:00:00,3.24,-0.871,6.737,-5.08,1.41,-3.01,0.017,-0.12,8.755,3.93,4.5,not present ,0,0
09/05/2022,15:30:00,3.02,-0.786,6.382,-4.85,1.41,-3.01,0.09,-0.11,8.755,3.93,4.3,not present ,0,0
09/05/2022,16:00:00,2.55,-1.176,4.883,-3.81,1.41,-3.01,-0.183,-0.16,8.755,3.92,3.6,not present ,0,0
09/05/2022,16:30:00,3.88,0.771,5.454,-3.63,1.41,-3.01,0.502,0.11,8.755,3.92,5.2,not present ,0,0
09/05/2022,17:00:00,3.84,-1.36,4.005,-2.82,1.41,-3.01,-0.152,-0.19,8.755,3.92,5.2,not present ,0,0
09/05/2022,17:30:00,4.27,-0.434,4.4,-2.91,1.41,-3.01,0.008,-0.06,8.755,3.92,5.7,not present ,0,0
09/05/2022,18:00:00,3.39,1.215,6.126,-4.24,1.41,-3.01,0.684,0.17,8.755,3.91,4.69,not present ,0,0
09/05/2022,18:30:00,2.1,-0.365,5.757,-4.59,1.41,-3.01,0.512,-0.05,8.755,3.91,3,not present ,0,0
09/05/2022,19:00:00,2.77,-0.728,4.768,-3.59,1.41,-3.01,0.067,-0.1,8.755,3.9,3.9,not present ,0,0
09/05/2022,19:30:00,2.8,-0.823,4.087,-3.03,1.41,-3.01,0.009,-0.11,8.755,3.9,3.9,not present ,0,0
09/05/2022,20:00:00,2.68,-0.777,3.787,-2.8,1.41,-3.01,-0.145,-0.11,8.755,3.89,3.6,not present ,0,0
09/05/2022,20:30:00,2.55,-0.479,3.481,-2.53,1.41,-3.01,-0.032,-0.06,8.755,3.89,3.4,not present ,0,0
09/05/2022,21:00:00,2.16,-0.921,2.993,-2.25,1.41,-3.01,-0.274,-0.13,8.755,3.88,2.8,not present ,0,0
09/05/2022,21:30:00,2.46,-0.559,2.9,-2.07,1.41,-3.01,-0.253,-0.08,8.755,4,19.9,present ,24.74,108
09/05/2022,22:00:00,2.11,-0.216,2.838,-2.03,1.41,-3.01,-0.13,-0.03,8.755,4.11,22.7,present ,24.53,109.2
09/05/2022,22:30:00,1.87,-0.284,2.704,-1.96,1.41,-3.01,-0.195,-0.04,8.755,4.19,20.8,present ,24.41,74.69
09/05/2022,23:00:00,1.12,-0.36,2.689,-2.09,1.41,-3.01,-0.295,-0.05,8.755,4.19,12.4,present ,24.36,32.7
09/05/2022,23:30:00,0.75,-0.221,3.002,-2.45,1.41,-3.01,-0.266,-0.03,8.755,4.19,10.2,present ,24.26,28.5
10/05/2022,0:00:00,0.4,-0.527,2.495,-2.07,1.41,-3.01,-0.084,-0.07,8.755,4.19,7.2,present ,24.15,27.6
10/05/2022,0:30:00,0.21,-0.519,2.436,-2.05,1.41,-3.01,-0.204,-0.07,8.755,4.19,5.9,present ,24.04,27.3
10/05/2022,1:00:00,0.12,-0.47,2.413,-2.04,1.41,-3.01,-0.243,-0.06,8.755,4.19,5.4,present ,23.93,27.3
10/05/2022,1:30:00,0.51,0.209,3.528,-2.96,1.41,-3.01,0.072,0.03,8.755,4.19,5.7,present ,23.83,27.3
10/05/2022,2:00:00,0.75,-0.257,3.998,-3.41,1.41,-3.01,-0.03,-0.03,8.755,4.19,5.6,present ,23.83,27.3
10/05/2022,2:30:00,1.12,0.103,5.416,-4.58,1.41,-3.01,0.404,0.01,8.755,4.19,5.9,present ,23.75,27.3
10/05/2022,3:00:00,1.39,-0.357,3.887,-3.14,1.41,-3.01,0.047,-0.05,8.755,4.19,6.1,present ,23.68,27.3
10/05/2022,3:30:00,1.27,0.587,5.644,-4.66,1.41,-3.01,0.269,0.08,8.755,4.19,5.3,not present ,0,0
10/05/2022,4:00:00,0.88,2.056,0,0,1.41,-3.01,0.846,0.29,8.755,4.16,2.3,not present ,0,0
10/05/2022,4:30:00,0.79,0.707,1.844,-1.19,1.41,-3.01,0.338,0.1,8.755,4.15,1.7,not present ,0,0
10/05/2022,5:00:00,0.69,-0.168,5.359,-4.73,1.41,-3.01,0.073,-0.02,8.755,4.14,1.5,not present ,0,0
10/05/2022,5:30:00,0.53,-0.553,4.35,-3.86,1.41,-3.01,-0.17,-0.07,8.755,4.13,1.1,not present ,0,0
10/05/2022,6:00:00,0.68,-0.584,5.52,-4.95,1.41,-3.01,0.113,-0.08,8.755,4.12,1.4,not present ,0,0
10/05/2022,6:30:00,0.83,-0.457,5.046,-4.42,1.41,-3.01,0.086,-0.06,8.755,4.11,1.6,not present ,0,0
10/05/2022,7:00:00,1.13,0.058,5.347,-4.51,1.41,-3.01,0.131,0,8.755,4.1,1.8,not present ,0,0
10/05/2022,7:30:00,1.53,0.131,5.961,-4.91,1.41,-3.01,0.168,0.01,8.755,4.09,2.2,not present ,0,0
10/05/2022,8:00:00,1.83,0.236,6.007,-4.82,1.41,-3.01,0.175,0.03,8.755,4.08,2.7,not present ,0,0
10/05/2022,8:30:00,2.21,0.418,6.23,-4.85,1.41,-3.01,0.301,0.06,8.755,4.08,3.1,not present ,0,0
10/05/2022,9:00:00,2.63,0.035,5.346,-4.01,1.41,-3.01,0.602,0,8.755,4.07,3.9,not present ,0,0
10/05/2022,9:30:00,3.19,0.089,0,0,1.41,-3.01,0.533,0.01,8.755,4.07,4.5,not present ,0,0
10/05/2022,10:00:00,3.61,-0.06,6.27,-4.47,1.41,-3.01,0.301,0,8.755,4.06,4.9,not present ,0,0
10/05/2022,10:30:00,3.97,-0.428,0.694,-0.12,1.41,-3.01,0.793,-0.06,8.755,4.06,5.4,not present ,0,0
10/05/2022,11:00:00,4.68,2.2,2.227,-0.85,1.41,-3.01,0.781,0.31,8.755,4.06,6.3,not present ,0,0
10/05/2022,11:30:00,5.08,0.36,1.607,-0.63,1.41,-3.01,0.582,0.05,8.755,4.05,6.9,not present ,0,0
10/05/2022,12:00:00,5.73,0.007,1.206,-0.36,1.41,-3.01,0.657,0,8.755,4.04,7.5,not present ,0,0
10/05/2022,12:30:00,6.22,-0.714,0,0,1.41,-3.01,0.804,-0.1,8.755,4.02,8.8,not present ,0,0
10/05/2022,13:00:00,6.56,-0.805,0,0,1.41,-3.01,0.674,-0.11,8.755,4.01,9.2,not present ,0,0
10/05/2022,13:30:00,6.43,2.771,0,0,1.41,-3.01,1.26,0.39,8.755,4,8.6,not present ,0,0
10/05/2022,14:00:00,6.16,-0.014,0,0,1.41,-3.01,0.31,0,8.755,3.99,8.1,not present ,0,0
10/05/2022,14:30:00,6.39,0.075,0,0,1.41,-3.01,0.37,0.01,8.755,3.98,8.39,not present ,0,0
10/05/2022,15:00:00,6.32,0.518,0,0,1.41,-3.01,0.578,0.07,8.755,3.97,8.39,not present ,0,0
10/05/2022,15:30:00,6.46,0.396,0,0,1.41,-3.01,0.242,0.05,8.755,3.96,8.39,not present ,0,0
10/05/2022,16:00:00,6.76,-0.168,0,0,1.41,-3.01,0.147,-0.02,8.755,3.96,8.8,not present ,0,0
10/05/2022,16:30:00,6.55,-0.945,0,0,1.41,-3.01,0.062,-0.13,8.755,3.95,8.2,not present ,0,0
10/05/2022,17:00:00,6.25,-0.267,0,0,1.41,-3.01,0.134,-0.03,8.755,3.95,8,not present ,0,0
10/05/2022,17:30:00,6.4,0.251,0,0,1.41,-3.01,0.141,0.03,8.755,3.94,8.3,not present ,0,0
10/05/2022,18:00:00,6.47,1.755,0,0,1.41,-3.01,0.818,0.25,8.755,3.94,8.2,not present ,0,0
10/05/2022,18:30:00,5.88,0.787,0,0,1.41,-3.01,0.905,0.11,8.755,3.93,7.3,not present ,0,0
10/05/2022,19:00:00,5.91,-0.074,0,0,1.41,-3.01,0.239,-0.01,8.755,3.93,7.3,not present ,0,0
10/05/2022,19:30:00,5.94,-0.125,0,0,1.41,-3.01,0.105,-0.01,8.755,3.93,7.3,not present ,0,0
10/05/2022,20:00:00,5.59,-0.219,0,0,1.41,-3.01,0.035,-0.03,8.755,3.92,6.7,not present ,0,0
10/05/2022,20:30:00,5.31,-0.248,0,0,1.41,-3.01,0.095,-0.03,8.755,3.92,6.2,not present ,0,0
10/05/2022,21:00:00,4.99,0.166,0,0,1.41,-3.01,0.094,0.02,8.755,3.91,6,not present ,0,0
10/05/2022,21:30:00,5.3,0.471,0,0,1.41,-3.01,0.148,0.06,8.755,4,20.9,present ,24.5,109.2
10/05/2022,22:00:00,5.44,0.219,0,0,1.41,-3.01,-0.057,0.03,8.755,4.12,25.6,present ,24.3,110.7
10/05/2022,22:30:00,5.18,1.13,0,0,1.41,-3.01,0.089,0.16,8.755,4.19,22.6,present ,24.17,62.1
10/05/2022,23:00:00,4.61,0.052,0,0,1.41,-3.01,-0.026,0,8.755,4.19,15.3,present ,24.1,31.2
10/05/2022,23:30:00,3.82,-0.043,0.658,-0.04,1.41,-3.01,-0.306,0,8.755,4.19,10.5,present ,24.01,27.9
11/05/2022,0:00:00,3.31,1.093,0,0,1.41,-3.01,0.163,0.15,8.755,4.19,8.89,present ,23.9,27.6
11/05/2022,0:30:00,3.1,0.036,0.683,-0.08,1.41,-3.01,0.019,0,8.755,4.19,8.2,present ,23.76,27.6
11/05/2022,1:00:00,2.83,0.082,0.588,0,1.41,-3.01,0.023,0.01,8.755,4.19,7.6,present ,22.38,28.8
11/05/2022,1:30:00,2.09,-0.402,0.518,-0.04,1.41,-3.01,-0.162,-0.05,8.755,4.16,3.5,not present ,0,0
11/05/2022,2:00:00,1.62,-0.43,0.762,-0.27,1.41,-3.01,-0.129,-0.06,8.755,4.15,2.4,not present ,0,0
11/05/2022,2:30:00,1.15,-0.278,0.759,-0.27,1.41,-3.01,-0.15,-0.03,8.755,4.14,1.9,not present ,0,0
11/05/2022,3:00:00,0.8,-0.352,0.788,-0.33,1.41,-3.01,-0.184,-0.05,8.755,4.13,1.5,not present ,0,0
11/05/2022,3:30:00,0.48,-0.359,1.075,-0.64,1.41,-3.01,-0.056,-0.05,8.755,4.12,1.1,not present ,0,0
11/05/2022,4:00:00,0.02,-0.407,1.76,-1.38,1.41,-3.01,-0.239,-0.05,8.755,4.11,0.8,not present ,0,0
11/05/2022,4:30:00,-0.35,-0.308,2.444,-2.15,1.41,-3.01,-0.076,-0.04,8.755,4.1,0.4,not present ,0,0
11/05/2022,5:00:00,-0.46,-0.188,2.911,-2.65,1.41,-3.01,-0.125,-0.02,8.755,4.09,0,not present ,0,0
11/05/2022,5:30:00,-0.45,-0.284,3.138,-2.9,1.41,-3.01,-0.159,-0.04,8.755,4.08,0,not present ,0,0
11/05/2022,6:00:00,-0.46,-0.213,3.693,-3.49,1.41,-3.01,-0.228,-0.03,8.755,4.08,-0.2,not present ,0,0
11/05/2022,6:30:00,-0.48,-0.082,1.631,-1.28,1.41,-3.01,-0.072,-0.01,8.755,4.07,-0.3,not present ,0,0
11/05/2022,7:00:00,-0.46,-0.294,4.141,-3.97,1.41,-3.01,-0.069,-0.04,8.755,4.06,-0.4,not present ,0,0
11/05/2022,7:30:00,-0.43,-0.326,3.71,-3.51,1.41,-3.01,0.004,-0.04,8.755,4.06,-0.2,not present ,0,0
11/05/2022,8:00:00,-0.25,0.018,2.111,-1.73,1.41,-3.01,0.183,0,8.755,4.06,0.4,not present ,0,0
11/05/2022,8:30:00,0.63,2.026,0,0,1.41,-3.01,0.696,0.29,8.755,4.05,1.3,not present ,0,0
11/05/2022,9:00:00,1.65,0.269,0.911,-0.31,1.41,-3.01,0.425,0.03,8.755,4.05,2.09,not present ,0,0
11/05/2022,9:30:00,2.79,2.843,0,0,1.41,-3.01,0.918,0.4,8.755,4.04,3.1,not present ,0,0
11/05/2022,10:00:00,3.55,0.501,0.902,-0.17,1.41,-3.01,0.494,0.07,8.755,4.02,3.7,not present ,0,0
11/05/2022,10:30:00,4.53,0.576,0,0,1.41,-3.01,0.748,0.08,8.755,4.01,4.69,not present ,0,0
11/05/2022,11:00:00,5.29,0.183,0,0,1.41,-3.01,0.742,0.02,8.755,4,5.8,not present ,0,0
11/05/2022,11:30:00,5.6,0.243,0,0,1.41,-3.01,0.822,0.03,8.755,3.99,6.7,not present ,0,0
11/05/2022,12:00:00,5.89,1.081,0,0,1.41,-3.01,1.002,0.15,8.755,3.98,7,not present ,0,0
11/05/2022,12:30:00,6.67,0.646,0,0,1.41,-3.01,0.919,0.09,8.755,3.97,8.8,not present ,0,0
11/05/2022,13:00:00,6.57,0.096,0,0,1.41,-3.01,0.602,0.01,8.755,3.96,8.1,not present ,0,0
11/05/2022,13:30:00,6.66,0.146,0,0,1.41,-3.01,0.651,0.02,8.755,3.96,7.8,not present ,0,0
11/05/2022,14:00:00,6.91,0.883,0,0,1.41,-3.01,0.728,0.12,8.755,3.95,8,not present ,0,0
11/05/2022,14:30:00,7.06,0.844,0,0,1.41,-3.01,0.819,0.12,8.755,3.95,8.2,not present ,0,0
11/05/2022,15:00:00,7.08,0.894,0,0,1.41,-3.01,0.882,0.12,8.755,3.94,8,not present ,0,0
11/05/2022,15:30:00,7.83,0.531,0,0,1.41,-3.01,0.644,0.07,8.755,3.94,8.6,not present ,0,0
11/05/2022,16:00:00,9.09,1.679,0,0,1.41,-3.01,1.004,0.24,8.755,3.94,9.7,not present ,0,0
11/05/2022,16:30:00,10.83,2.813,0,0,1.41,-3.01,0.642,0.4,8.724,3.93,11,not present ,0,0
11/05/2022,17:00:00,10.99,0.109,0,0,1.41,-3.01,0.39,0.01,8.72,3.93,11.3,not present ,0,0
11/05/2022,17:30:00,9.73,1.227,0,0,1.41,-3.01,0.38,0.17,8.755,3.93,10.5,not present ,0,0
11/05/2022,18:00:00,9.42,-0.032,0,0,1.41,-3.01,0.136,0,8.755,3.92,10.5,not present ,0,0
11/05/2022,18:30:00,9.11,-0.265,0,0,1.41,-3.01,0.115,-0.03,8.755,3.92,10.5,not present ,0,0
11/05/2022,19:00:00,8.89,0.108,0,0,1.41,-3.01,0.21,0.01,8.755,3.92,10.1,not present ,0,0
11/05/2022,19:30:00,8.4,-0.528,0,0,1.41,-3.01,0.172,-0.07,8.755,3.91,9.3,not present ,0,0
11/05/2022,20:00:00,8.53,1.473,0,0,1.41,-3.01,1.045,0.21,8.755,3.9,9.8,not present ,0,0
11/05/2022,20:30:00,10.03,2.172,0,0,1.41,-3.01,1.539,0.31,8.755,3.9,11.4,not present ,0,0
11/05/2022,21:00:00,8.2,-0.723,0,0,1.41,-3.01,-0.14,-0.1,8.755,3.89,8.8,not present ,0,0
11/05/2022,21:30:00,7.29,-0.192,0,0,1.41,-3.01,-0.433,-0.02,8.755,3.98,22.6,present ,24.84,108
11/05/2022,22:00:00,6.42,-0.177,0,0,1.41,-3.01,-0.325,-0.02,8.755,4.06,27.6,present ,24.64,109.5
11/05/2022,22:30:00,5.36,-0.176,0,0,1.41,-3.01,-0.508,-0.02,8.755,4.17,27.7,present ,24.48,106.2
11/05/2022,23:00:00,3.96,-0.236,0,0,1.41,-3.01,-0.371,-0.03,8.755,4.19,16.5,present ,24.44,33.59
11/05/2022,23:30:00,3,-0.175,0,0,1.41,-3.01,-0.313,-0.02,8.755,4.19,13.9,present ,24.37,28.5
12/05/2022,0:00:00,2.1,-0.183,0,0,1.41,-3.01,-0.22,-0.02,8.755,4.19,9.7,present ,24.25,27.3
12/05/2022,0:30:00,1.43,-0.328,0.569,-0.09,1.41,-3.01,-0.255,-0.04,8.755,4.19,7.9,present ,24.14,27.3
12/05/2022,1:00:00,0.87,0.017,0.656,-0.15,1.41,-3.01,-0.207,0,8.755,4.19,7,present ,24.04,27.3
12/05/2022,1:30:00,0.48,-0.222,0.551,-0.1,1.41,-3.01,-0.171,-0.03,8.755,4.19,6.5,present ,23.97,27.3
12/05/2022,2:00:00,0.05,-0.287,0.691,-0.27,1.41,-3.01,-0.278,-0.04,8.755,4.19,5.8,present ,23.96,27
12/05/2022,2:30:00,-0.27,-0.156,0.74,-0.32,1.41,-3.01,-0.276,-0.02,8.755,4.19,5.6,present ,23.89,27
12/05/2022,3:00:00,-0.58,-0.194,0.836,-0.45,1.41,-3.01,-0.244,-0.02,8.755,4.19,5.3,present ,23.82,27
12/05/2022,3:30:00,-0.92,-0.163,1.338,-1.03,1.41,-3.01,-0.201,-0.02,8.755,4.19,4.9,present ,23.75,27
12/05/2022,4:00:00,-1.25,-0.176,2.802,-2.75,1.41,-3.01,-0.243,-0.02,8.755,4.19,4.69,present ,23.61,27
12/05/2022,4:30:00,-1.48,-0.206,3.536,-3.68,1.41,-3.01,-0.1,-0.02,8.755,4.16,1.2,not present ,0,0
12/05/2022,5:00:00,-1.5,-0.116,3.925,-4.13,1.41,-3.01,-0.084,-0.01,8.755,4.15,0,not present ,0,0
12/05/2022,5:30:00,-0.97,-4.093,4.419,-5.03,1.41,-3.01,-1.72,-0.58,8.755,4.14,-0.4,not present ,0,0
12/05/2022,6:00:00,-0.49,-2.129,4.924,-5.08,1.41,-3.01,-1.151,-0.3,8.755,4.13,-0.7,not present ,0,0
12/05/2022,6:30:00,-0.36,-2.038,4.18,-4.23,1.41,-3.01,-1.007,-0.29,8.755,4.12,-0.9,not present ,0,0
12/05/2022,7:00:00,-0.33,-1.861,4.889,-4.93,1.41,-3.01,-0.965,-0.26,8.755,4.11,-0.8,not present ,0,0
12/05/2022,7:30:00,-0.33,-1.284,5.205,-5.18,1.41,-3.01,-0.761,-0.18,8.755,4.1,-0.8,not present ,0,0
12/05/2022,8:00:00,-0.33,-1.14,4.904,-4.85,1.41,-3.01,-0.576,-0.16,8.755,4.09,-0.7,not present ,0,0
12/05/2022,8:30:00,-0.31,-0.389,5.014,-4.85,1.41,-3.01,-0.201,-0.05,8.755,4.09,-0.5,not present ,0,0
12/05/2022,9:00:00,-0.29,1.629,1.173,-0.52,1.41,-3.01,0.701,0.23,8.755,4.08,0.2,not present ,0,0
12/05/2022,9:30:00,0.76,4.055,0,0,1.41,-3.01,3.089,0.58,8.755,4.07,1.8,not present ,0,0
12/05/2022,10:00:00,2.11,2.676,0,0,1.41,-3.01,2.232,0.38,8.755,4.07,3.5,not present ,0,0
12/05/2022,10:30:00,4.2,1.482,0,0,1.41,-3.01,1.421,0.21,8.755,4.07,5.4,not present ,0,0
12/05/2022,11:00:00,5.76,1.397,0,0,1.41,-3.01,1.12,0.2,8.755,4.06,6.1,not present ,0,0
12/05/2022,11:30:00,6.77,0.819,0,0,1.41,-3.01,0.788,0.11,8.755,4.06,7.9,not present ,0,0